{
  "experiment": "retrieval_method_ablation",
  "chunk_size": 500,
  "overlap_paragraphs": 2,
  "top_k": 3,
  "results": [
    {
      "retrieval_method": "dense",
      "chunk_size": 500,
      "overlap_paragraphs": 2,
      "top_k": 3,
      "hybrid_dense_weight": null,
      "chunk_count": 123,
      "hit_rate": 1.0,
      "precision_at_k": 0.4273504273504273,
      "recall_at_k": 0.9017094017094018,
      "mean_reciprocal_rank": 0.9358974358974359,
      "failure_count": 0,
      "index_build_seconds": 2.6285113329067826,
      "evaluation_seconds": 0.6978462911210954
    },
    {
      "retrieval_method": "keyword",
      "chunk_size": 500,
      "overlap_paragraphs": 2,
      "top_k": 3,
      "hybrid_dense_weight": null,
      "chunk_count": 123,
      "hit_rate": 0.9487179487179487,
      "precision_at_k": 0.38461538461538464,
      "recall_at_k": 0.8333333333333334,
      "mean_reciprocal_rank": 0.876068376068376,
      "failure_count": 2,
      "index_build_seconds": 2.2221255828626454,
      "evaluation_seconds": 0.009274750016629696
    },
    {
      "retrieval_method": "hybrid",
      "chunk_size": 500,
      "overlap_paragraphs": 2,
      "top_k": 3,
      "hybrid_dense_weight": 0.5,
      "chunk_count": 123,
      "hit_rate": 0.9743589743589743,
      "precision_at_k": 0.41025641025641024,
      "recall_at_k": 0.8717948717948718,
      "mean_reciprocal_rank": 0.9059829059829059,
      "failure_count": 1,
      "index_build_seconds": 2.2074112500995398,
      "evaluation_seconds": 0.5337612919975072
    }
  ]
}